{"stats":{"minecraft:custom":{"minecraft:jump":116,"minecraft:time_since_rest":2701,"minecraft:leave_game":1,"minecraft:play_record":5,"minecraft:sprint_one_cm":7498,"minecraft:play_time":39437,"minecraft:deaths":19,"minecraft:time_since_death":2673,"minecraft:walk_one_cm":7272,"minecraft:sneak_time":682,"minecraft:total_world_time":39437,"minecraft:fall_one_cm":2473,"minecraft:fly_one_cm":237585},"minecraft:used":{"minecraft:quartz_block":3,"minecraft:sculk_shrieker":2,"minecraft:sculk_vein":17,"minecraft:jukebox":4,"minecraft:goat_horn":1,"minecraft:music_disc_relic":5},"minecraft:picked_up":{"minecraft:quartz_block":1,"minecraft:music_disc_relic":5}},"DataVersion":3465}