{"stats":{"minecraft:picked_up":{"minecraft:snow":1,"minecraft:quartz_block":1,"minecraft:bone":1,"minecraft:rotten_flesh":2,"minecraft:music_disc_relic":5,"minecraft:gold_nugget":1,"minecraft:totem_of_undying":1,"minecraft:grass_block":1},"minecraft:custom":{"minecraft:time_since_rest":200,"minecraft:crouch_one_cm":334,"minecraft:play_time":59414,"minecraft:sprint_one_cm":9628,"minecraft:deaths":27,"minecraft:walk_one_cm":9703,"minecraft:sneak_time":1121,"minecraft:walk_under_water_one_cm":348,"minecraft:mob_kills":3,"minecraft:drop":1,"minecraft:jump":187,"minecraft:damage_dealt":838,"minecraft:leave_game":9,"minecraft:play_record":5,"minecraft:time_since_death":194,"minecraft:walk_on_water_one_cm":314,"minecraft:total_world_time":59414,"minecraft:fall_one_cm":2473,"minecraft:fly_one_cm":335218},"minecraft:dropped":{"minecraft:rotten_flesh":2},"minecraft:used":{"minecraft:music_disc_relic":5,"minecraft:netherite_sword":12,"minecraft:command_block":1,"minecraft:grass_block":6,"minecraft:goat_horn":1,"minecraft:stone_button":2,"minecraft:quartz_block":3,"minecraft:sculk_shrieker":2,"minecraft:sculk_vein":17,"minecraft:jukebox":4},"minecraft:killed":{"minecraft:zombie":1,"minecraft:wither_skeleton":1,"minecraft:creeper":1}},"DataVersion":3465}