{"stats":{"minecraft:dropped":{"minecraft:diamond_helmet":1},"minecraft:custom":{"minecraft:time_since_rest":3731,"minecraft:crouch_one_cm":201,"minecraft:play_time":3731,"minecraft:sprint_one_cm":5620,"minecraft:damage_taken":90,"minecraft:walk_one_cm":9922,"minecraft:sneak_time":16,"minecraft:drop":1,"minecraft:jump":35,"minecraft:damage_dealt":2,"minecraft:leave_game":1,"minecraft:time_since_death":3731,"minecraft:total_world_time":3731,"minecraft:interact_with_crafting_table":3,"minecraft:fall_one_cm":2019,"minecraft:fly_one_cm":6949},"minecraft:picked_up":{"minecraft:diamond_chestplate":1,"minecraft:diamond_leggings":1,"minecraft:diamond_sword":1,"minecraft:diamond_boots":1,"minecraft:totem_of_undying":3,"minecraft:diamond_helmet":2,"minecraft:spruce_log":7},"minecraft:mined":{"minecraft:grass":1,"minecraft:spruce_leaves":1,"minecraft:spruce_log":7},"minecraft:crafted":{"minecraft:crafting_table":2,"minecraft:spruce_planks":28,"minecraft:stick":4},"minecraft:used":{"minecraft:crafting_table":2,"minecraft:diamond_leggings":1}},"DataVersion":3465}