{"stats":{"minecraft:picked_up":{"minecraft:bone":2,"minecraft:gold_nugget":1,"minecraft:crimson_button":1,"minecraft:coal":1},"minecraft:custom":{"minecraft:time_since_rest":227,"minecraft:sprint_one_cm":15967,"minecraft:play_time":159652,"minecraft:deaths":41,"minecraft:damage_taken":10810,"minecraft:walk_one_cm":19290,"minecraft:sneak_time":615,"minecraft:walk_under_water_one_cm":1340,"minecraft:mob_kills":1,"minecraft:jump":159,"minecraft:damage_dealt":380,"minecraft:leave_game":12,"minecraft:walk_on_water_one_cm":12,"minecraft:time_since_death":146,"minecraft:total_world_time":159652,"minecraft:fall_one_cm":121783,"minecraft:fly_one_cm":353309},"minecraft:used":{"minecraft:crimson_button":1,"minecraft:snow":4,"minecraft:command_block":1,"minecraft:grass_block":37,"minecraft:quartz_block":47},"minecraft:killed":{"minecraft:wither_skeleton":1}},"DataVersion":3465}