{"stats":{"minecraft:custom":{"minecraft:jump":86,"minecraft:time_since_rest":2678,"minecraft:damage_dealt":380,"minecraft:leave_game":3,"minecraft:play_time":46134,"minecraft:sprint_one_cm":9405,"minecraft:time_since_death":2649,"minecraft:walk_one_cm":5364,"minecraft:deaths":3,"minecraft:sneak_time":115,"minecraft:total_world_time":46134,"minecraft:mob_kills":1,"minecraft:fall_one_cm":209,"minecraft:fly_one_cm":137550},"minecraft:used":{"minecraft:snow":2},"minecraft:killed":{"minecraft:wither_skeleton":1},"minecraft:picked_up":{"minecraft:bone":2,"minecraft:gold_nugget":1,"minecraft:coal":1}},"DataVersion":3465}