{"stats":{"minecraft:custom":{"minecraft:time_since_rest":41346,"minecraft:crouch_one_cm":122,"minecraft:sprint_one_cm":24398,"minecraft:play_time":333363,"minecraft:damage_taken":22920,"minecraft:deaths":76,"minecraft:walk_one_cm":31024,"minecraft:sneak_time":2061,"minecraft:walk_under_water_one_cm":1340,"minecraft:mob_kills":1,"minecraft:jump":339,"minecraft:damage_dealt":380,"minecraft:leave_game":24,"minecraft:walk_on_water_one_cm":12,"minecraft:time_since_death":41320,"minecraft:total_world_time":333363,"minecraft:fall_one_cm":256814,"minecraft:fly_one_cm":553687},"minecraft:killed":{"minecraft:wither_skeleton":1},"minecraft:picked_up":{"minecraft:bone":2,"minecraft:command_block":1,"minecraft:wheat_seeds":1,"minecraft:gold_nugget":1,"minecraft:crimson_button":2,"minecraft:coal":1,"minecraft:dirt":3},"minecraft:mined":{"minecraft:grass":1,"minecraft:grass_block":1,"minecraft:dirt":1},"minecraft:used":{"minecraft:crimson_button":2,"minecraft:dirt":2,"minecraft:snow":4,"minecraft:command_block":3,"minecraft:grass_block":37,"minecraft:quartz_block":47}},"DataVersion":3465}