{"stats":{"minecraft:picked_up":{"minecraft:bone":2,"minecraft:gold_nugget":1,"minecraft:coal":1},"minecraft:custom":{"minecraft:jump":149,"minecraft:time_since_rest":358,"minecraft:damage_dealt":380,"minecraft:damage_taken":6870,"minecraft:leave_game":9,"minecraft:play_time":140856,"minecraft:time_since_death":0,"minecraft:sprint_one_cm":15440,"minecraft:walk_one_cm":17717,"minecraft:walk_on_water_one_cm":12,"minecraft:deaths":32,"minecraft:sneak_time":560,"minecraft:total_world_time":140856,"minecraft:walk_under_water_one_cm":1340,"minecraft:mob_kills":1,"minecraft:fall_one_cm":78397,"minecraft:fly_one_cm":330260},"minecraft:used":{"minecraft:quartz_block":47,"minecraft:snow":4,"minecraft:grass_block":37},"minecraft:killed":{"minecraft:wither_skeleton":1}},"DataVersion":3465}