{"stats":{"minecraft:dropped":{"minecraft:wheat_seeds":3,"minecraft:cooked_beef":64,"minecraft:diamond_leggings":3,"minecraft:rotten_flesh":7,"minecraft:leather":1,"minecraft:totem_of_undying":7,"minecraft:diamond_sword":2,"minecraft:poppy":2,"minecraft:dirt":25,"minecraft:diamond_chestplate":2,"minecraft:cornflower":1,"minecraft:diamond_helmet":2,"minecraft:spider_eye":5,"minecraft:diamond_boots":2,"minecraft:arrow":1,"minecraft:string":14,"minecraft:bone":1},"minecraft:custom":{"minecraft:mob_kills":76,"minecraft:leave_game":38,"minecraft:time_since_death":107047,"minecraft:damage_resisted":115,"minecraft:time_since_rest":107071,"minecraft:sprint_one_cm":127865,"minecraft:walk_one_cm":219661,"minecraft:damage_taken":36318,"minecraft:damage_absorbed":760,"minecraft:drop":41,"minecraft:damage_dealt":18208,"minecraft:damage_dealt_absorbed":2756,"minecraft:swim_one_cm":2609,"minecraft:fly_one_cm":1013147,"minecraft:crouch_one_cm":1915,"minecraft:play_time":696403,"minecraft:deaths":84,"minecraft:sneak_time":2989,"minecraft:walk_under_water_one_cm":4538,"minecraft:aviate_one_cm":124539,"minecraft:jump":2092,"minecraft:walk_on_water_one_cm":1921,"minecraft:total_world_time":696403,"minecraft:fall_one_cm":312073},"minecraft:killed":{"minecraft:spider":28,"minecraft:creeper":8,"minecraft:skeleton":3,"minecraft:zombie":32,"minecraft:stray":3,"minecraft:wither_skeleton":1},"minecraft:picked_up":{"minecraft:wooden_axe":1,"minecraft:cooked_beef":100,"minecraft:leather":1,"minecraft:diamond_sword":2,"minecraft:gunpowder":5,"minecraft:cornflower":1,"minecraft:string":30,"minecraft:dirt":258,"minecraft:zombie_head":1,"minecraft:bone":4,"minecraft:diamond_leggings":1,"minecraft:wheat_seeds":13,"minecraft:gold_nugget":2,"minecraft:poppy":4,"minecraft:diamond_helmet":2,"minecraft:dandelion":5,"minecraft:crimson_button":2,"minecraft:spruce_log":2,"minecraft:spider_eye":8,"minecraft:diamond_chestplate":1,"minecraft:command_block":1,"minecraft:arrow":4,"minecraft:rotten_flesh":24,"minecraft:diamond_boots":2,"minecraft:totem_of_undying":13,"minecraft:snowball":13,"minecraft:coal":1,"minecraft:cobblestone":10},"minecraft:mined":{"minecraft:grass_block":3,"minecraft:tall_grass":2,"minecraft:spruce_log":2,"minecraft:grass":4,"minecraft:dirt":1},"minecraft:killed_by":{"minecraft:creeper":1},"minecraft:used":{"minecraft:water_bucket":12,"minecraft:elytra":2,"minecraft:iron_sword":44,"minecraft:zombie_spawn_egg":3,"minecraft:spruce_leaves":1,"minecraft:dirt":4,"minecraft:soul_sand":4,"minecraft:spruce_log":28,"minecraft:crimson_button":2,"minecraft:firework_rocket":6,"minecraft:command_block":3,"minecraft:grass_block":38,"minecraft:quartz_block":47,"minecraft:totem_of_undying":19,"minecraft:diamond_chestplate":2,"minecraft:diamond_sword":157,"minecraft:golden_carrot":6,"minecraft:snow":45,"minecraft:cooked_beef":36,"minecraft:enchanted_golden_apple":2}},"DataVersion":3465}