{"stats":{"minecraft:custom":{"minecraft:jump":157,"minecraft:time_since_rest":381,"minecraft:damage_dealt":380,"minecraft:damage_taken":7920,"minecraft:leave_game":10,"minecraft:time_since_death":31,"minecraft:play_time":145274,"minecraft:sprint_one_cm":15816,"minecraft:walk_one_cm":17742,"minecraft:walk_on_water_one_cm":12,"minecraft:deaths":36,"minecraft:sneak_time":560,"minecraft:total_world_time":145274,"minecraft:walk_under_water_one_cm":1340,"minecraft:mob_kills":1,"minecraft:fall_one_cm":91448,"minecraft:fly_one_cm":340380},"minecraft:killed":{"minecraft:wither_skeleton":1},"minecraft:picked_up":{"minecraft:bone":2,"minecraft:gold_nugget":1,"minecraft:coal":1},"minecraft:used":{"minecraft:quartz_block":47,"minecraft:snow":4,"minecraft:grass_block":37}},"DataVersion":3465}