{"stats":{"minecraft:custom":{"minecraft:time_since_rest":1758,"minecraft:crouch_one_cm":82,"minecraft:sprint_one_cm":11788,"minecraft:play_time":3373,"minecraft:deaths":1,"minecraft:damage_taken":252,"minecraft:walk_one_cm":6881,"minecraft:sneak_time":96,"minecraft:jump":105,"minecraft:damage_dealt":60,"minecraft:leave_game":2,"minecraft:time_since_death":1754,"minecraft:total_world_time":3373,"minecraft:fall_one_cm":7274,"minecraft:fly_one_cm":26005},"minecraft:picked_up":{"minecraft:crafting_table":2,"minecraft:diamond_chestplate":1,"minecraft:diamond_leggings":2,"minecraft:diamond_sword":1,"minecraft:diamond_boots":1,"minecraft:totem_of_undying":3,"minecraft:diamond_helmet":1},"minecraft:mined":{"minecraft:grass":2,"minecraft:crafting_table":2},"minecraft:used":{"minecraft:diamond_sword":4,"minecraft:diamond_helmet":1}},"DataVersion":3465}